<application>
  <component name="FileTypeManager" version="18">
    <extensionMap>
      <mapping pattern="ssx" type="AUTO_DETECTED" />
      <mapping pattern="_strings_translator2" type="AUTO_DETECTED" />
      <mapping pattern="aa" type="AUTO_DETECTED" />
      <mapping pattern="aaaaa" type="AUTO_DETECTED" />
      <mapping pattern="_tmp_server" type="AUTO_DETECTED" />
      <mapping pattern="_strings_mainx" type="AUTO_DETECTED" />
      <mapping pattern="Map" type="AUTO_DETECTED" />
      <mapping pattern="aaa" type="AUTO_DETECTED" />
      <mapping pattern="_tmpSCSD" type="AUTO_DETECTED" />
      <mapping pattern="ss2" type="AUTO_DETECTED" />
      <mapping pattern="_strings_main" type="AUTO_DETECTED" />
      <mapping pattern="api_doc" type="AUTO_DETECTED" />
      <mapping pattern="ss" type="AUTO_DETECTED" />
      <mapping pattern="_strings_translator2x" type="AUTO_DETECTED" />
      <mapping pattern="_tmppp" type="AUTO_DETECTED" />
      <mapping pattern="aaaa" type="AUTO_DETECTED" />
      <mapping pattern="_tmp" type="AUTO_DETECTED" />
      <mapping pattern="_Gift Code" type="AUTO_DETECTED" />
      <mapping pattern="MyApp" type="CLASS" />
      <mapping pattern="apidata" type="JSON" />
      <mapping ext="gradle.kts" type="Kotlin" />
      <mapping ext="main.kts" type="Kotlin" />
      <mapping pattern="_strings_es" type="PLAIN_TEXT" />
      <mapping pattern="_strings_zh" type="PLAIN_TEXT" />
      <mapping pattern="_strings_nl" type="PLAIN_TEXT" />
      <mapping pattern="_strings_ru" type="PLAIN_TEXT" />
      <mapping pattern="_strings_ja" type="PLAIN_TEXT" />
      <mapping pattern="_pt" type="PLAIN_TEXT" />
      <mapping pattern="_strings_translator2aa" type="PLAIN_TEXT" />
      <mapping pattern="_strings_pt" type="PLAIN_TEXT" />
      <mapping pattern="doc" type="PLAIN_TEXT" />
      <mapping pattern="_strings_ko" type="PLAIN_TEXT" />
      <mapping pattern="_tmpx" type="PLAIN_TEXT" />
      <mapping pattern="_strings_tr" type="PLAIN_TEXT" />
      <mapping pattern="_strings_all" type="PLAIN_TEXT" />
      <mapping pattern="_strings_hi" type="PLAIN_TEXT" />
      <mapping pattern="_strings_fr" type="PLAIN_TEXT" />
      <mapping pattern="_tmpX" type="PLAIN_TEXT" />
      <mapping pattern="_strings_هف" type="PLAIN_TEXT" />
      <mapping ext="bks" type="PLAIN_TEXT" />
      <removed_mapping ext="apk" approved="true" type="ARCHIVE" />
      <removed_mapping ext="psd" approved="true" type="Image" />
      <mapping pattern="AppDatabase.sq" type="SqlDelight Migration" />
      <mapping pattern="Appdatabase.sq" type="SqlDelight" />
    </extensionMap>
  </component>
</application>