<application>
  <component name="UpdatesConfigurable">
    <ignoredBuildNumbers>
      <item value="platform-tools#29.0.2" />
      <item value="system-images;android-29;google_apis;x86#7" />
      <item value="emulator#30.0.26" />
      <item value="ndk-bundle#21.3.6528147" />
      <item value="platform-tools#30.0.4" />
      <item value="platforms;android-29#5" />
      <item value="system-images;android-21;google_apis;x86_64#32" />
      <item value="system-images;android-23;google_apis;armeabi-v7a#33" />
      <item value="system-images;android-23;google_apis;x86#33" />
      <item value="system-images;android-26;google_apis;x86#16" />
      <item value="system-images;android-27;google_apis;x86#11" />
      <item value="system-images;android-29;google_apis;x86#11" />
      <item value="emulator#30.1.5" />
      <item value="emulator#30.7.5" />
      <item value="extras;intel;Hardware_Accelerated_Execution_Manager#7.6.5" />
      <item value="platform-tools#31.0.2" />
      <item value="emulator#31.2.6" />
      <item value="platform-tools#32.0.0" />
      <item value="system-images;android-31;google_apis_playstore;x86_64#9" />
      <item value="emulator#31.2.7" />
      <item value="emulator#31.2.8" />
    </ignoredBuildNumbers>
    <option name="LAST_BUILD_CHECKED" value="AI-212.5712.43.2112.8609683" />
    <option name="LAST_TIME_CHECKED" value="1659491587185" />
    <option name="THIRD_PARTY_PLUGINS_ALLOWED" value="true" />
    <option name="UPDATE_CHANNEL_TYPE" value="release" />
  </component>
</application>